<?xml version="1.0" encoding="UTF-8"?>
<services-config>

    <services>
        <default-channels>
           <channel ref="my-amf"/>
        </default-channels>
    </services>

    <channels>

        <channel-definition id="my-amf" class="mx.messaging.channels.AMFChannel">
            <endpoint url="http://{server.name}:{server.port}/{context.root}/messagebroker/amf" class="flex.messaging.endpoints.AMFEndpoint"/>
            <properties>
                <polling-enabled>false</polling-enabled>
                <add-no-cache-headers>true</add-no-cache-headers>
                <invalidate-session-on-disconnect>true</invalidate-session-on-disconnect>
            </properties>           
        </channel-definition>

    </channels>
    
    <security>
    	<security-constraint id="trusted">
            <roles>
                <role>ROLE_USER</role>
                <role>ROLE_ADMIN</role>
            </roles>
        </security-constraint>
    </security>

    <logging>
        <target class="flex.messaging.log.ConsoleTarget" level="Warn">
            <properties>
                <prefix>[BlazeDS] </prefix>
                <includeDate>false</includeDate>
                <includeTime>false</includeTime>
                <includeLevel>false</includeLevel>
                <includeCategory>false</includeCategory>
            </properties>
            <filters>
                <pattern>Endpoint.*</pattern>
                <pattern>Service.*</pattern>
                <pattern>Configuration</pattern>
            </filters>
        </target>
    </logging>

    <system>
        <redeploy>
            <enabled>false</enabled>
        </redeploy>
    </system>

</services-config>

