<?xml version="1.0" encoding="UTF-8"?>

<beans xmlns="http://www.springframework.org/schema/beans"
	xmlns:xsi="http://www.w3.org/2001/XMLSchema-instance" xmlns:p="http://www.springframework.org/schema/p"
	xmlns:aop="http://www.springframework.org/schema/aop" xmlns:context="http://www.springframework.org/schema/context"
	xmlns:jee="http://www.springframework.org/schema/jee" xmlns:tx="http://www.springframework.org/schema/tx"
	xmlns:jaxws="http://cxf.apache.org/jaxws" xmlns:cxf="http://cxf.apache.org/core"
	xsi:schemaLocation="http://www.springframework.org/schema/beans http://www.springframework.org/schema/beans/spring-beans-3.0.xsd
		http://www.springframework.org/schema/aop http://www.springframework.org/schema/aop/spring-aop-3.0.xsd
		http://www.springframework.org/schema/context http://www.springframework.org/schema/context/spring-context-3.0.xsd
		http://www.springframework.org/schema/jee http://www.springframework.org/schema/jee/spring-jee-3.0.xsd
		http://www.springframework.org/schema/tx http://www.springframework.org/schema/tx/spring-tx-3.0.xsd
		http://cxf.apache.org/jaxws http://cxf.apache.org/schemas/jaxws.xsd
		http://cxf.apache.org/core http://cxf.apache.org/schemas/core.xsd">
	
	<import resource="classpath:META-INF/cxf/cxf.xml"/>
	<import resource="classpath:META-INF/cxf/cxf-extension-soap.xml"/>
	<import resource="classpath:META-INF/cxf/cxf-servlet.xml"/>

	<cxf:bus>
	  <cxf:features>
	    <cxf:logging/>
	  </cxf:features>
	</cxf:bus>
	
	<!-- Aegis data binding -->
	<bean id="aegisBean" class="org.apache.cxf.aegis.databinding.AegisDatabinding"
		scope="prototype">
		<property name="configuration">
			<bean class="org.apache.cxf.aegis.type.TypeCreationOptions">
				<property name="defaultMinOccurs" value="1" />
				<property name="defaultNillable" value="true" />
			</bean>
		</property>
	</bean>
	
	<bean id="jaxws-factory" class="org.apache.cxf.jaxws.support.JaxWsServiceFactoryBean"
		scope="prototype">
		<property name="dataBinding" ref="aegisBean" />
		<property name="serviceConfigurations">
			<list>
				<bean class="org.apache.cxf.jaxws.support.JaxWsServiceConfiguration" />
				<bean class="org.apache.cxf.aegis.databinding.AegisServiceConfiguration" />
				<bean class="org.apache.cxf.service.factory.DefaultServiceConfiguration" />
			</list>
		</property>
	</bean>
	
</beans>