<catalog>
 <category categoryId="BIRDS" name="Birds" image="../images/birds_icon.gif" description="Great companion" sales="50">
  <product productId="AV-CB-01" name="Amazon Parrot" image="../images/bird4.gif" description="Great companion for up to 75 years" sales="30"/> 
  <product productId="AV-SB-02" name="Finch" image="../images/bird1.gif" description="Great stress reliever" sales="20"/> 
 </category>
 <category categoryId="CATS" name="Cats" image="../images/cats_icon.gif" description="Friendly house cat" sales="80">
  <product productId="FL-DLH-02" name="Persian" image="../images/cat1.gif" description="Friendly house cat, doubles as a princess" sales="50"/> 
  <product productId="FL-DSH-01" name="Manx" image="../images/cat3.gif" description="Great for reducing mouse populations" sales="30"/> 
 </category>
 <category categoryId="DOGS" name="Dogs" image="../images/dogs_icon.gif" description="Friendly dog" sales="150">
  <product productId="K9-BD-01" name="Bulldog" image="../images/dog2.gif" description="Friendly dog from England" sales="50"/> 
  <product productId="K9-CW-01" name="Chihuahua" image="../images/dog4.gif" description="Great companion dog" sales="25"/> 
  <product productId="K9-DL-01" name="Dalmation" image="../images/dog5.gif" description="Great dog for a Fire Station" sales="40"/> 
  <product productId="K9-PO-02" name="Poodle" image="../images/dog6.gif" description="Cute dog from France" sales="10"/> 
  <product productId="K9-RT-01" name="Golden Retriever" image="../images/dog1.gif" description="Great family dog" sales="20"/> 
  <product productId="K9-RT-02" name="Labrador Retriever" image="../images/dog5.gif" description="Great hunting dog" sales="5"/> 
 </category>
 <category categoryId="FISH" name="Fish" image="../images/fish_icon.gif" description="Fresh Water fish" sales="80">
  <product productId="FI-FW-01" name="Koi" image="../images/fish3.gif" description="Fresh Water fish from Japan" sales="20"/> 
  <product productId="FI-FW-02" name="Goldfish" image="../images/fish2.gif" description="Fresh Water fish from China" sales="30"/> 
  <product productId="FI-SW-01" name="Angelfish" image="../images/fish1.jpg" description="Salt Water fish from Australia" sales="10"/> 
  <product productId="FI-SW-02" name="Tiger Shark" image="../images/fish4.gif" description="Salt Water fish from Australia" sales="20"/> 
 </category>
 <category categoryId="REPTILES" name="Reptiles" image="../images/reptiles_icon.gif" description="Green friend" sales="10">
  <product productId="RP-LI-02" name="Iguana" image="../images/lizard2.gif" description="Friendly green friend" sales="3"/> 
  <product productId="RP-SN-01" name="Rattlesnake" image="../images/lizard3.gif" description="Doubles as a watch dog" sales="7"/> 
 </category>
</catalog>