<?xml version="1.0" encoding="UTF-8"?>
<!DOCTYPE mapper PUBLIC "-//mybatis.org//DTD Mapper 3.0//EN" 
"http://mybatis.org/dtd/mybatis-3-mapper.dtd">

<mapper namespace="org.mybatis.jpetstore.persistence.ProductMapper">

  <cache />

  <select id="getProduct" parameterType="string" resultType="product">
    SELECT
      PRODUCTID,
      NAME,
      DESCN as description,
      CATEGORY as categoryId
    FROM PRODUCT
    WHERE PRODUCTID = #{productId}
  </select>

  <select id="getProductListByCategory" parameterType="string" resultType="product">
    SELECT
      PRODUCTID,
      NAME,
      DESCN as description,
      CATEGORY as categoryId
    FROM PRODUCT
    WHERE CATEGORY = #{value}
  </select>

  <select id="searchProductList" parameterType="string" resultType="product">
    select
      PRODUCTID,
      NAME,
      DESCN as description,
      CATEGORY as categoryId
    from PRODUCT
    WHERE lower(name) like #{value} OR
          lower(descn) like #{value} OR
          lower(category) like #{value}    
  </select>
    
  <select id="getCategoryAndProductList" parameterType="string" resultType="categoryProduct">
    select p.productid as productId,
           p.name as name,
           p.descn as description,
           p.category as categoryId,
           c.name as categoryName,
           c.descn as categoryDescription
    from category c, product p
    where c.catid = p.category
    order by c.catid, p.productid
  </select>

</mapper>